Building_ID,Size,Year_Built,Energy_Usage,Energy_per_Size
1,120.0,2005,300.0,2.5
2,80.0,1998,450.0,5.625
3,150.0,2015,200.0,1.3333333333333333
4,90.0,2000,400.0,4.444444444444445
5,200.0,2018,180.0,0.9
